slug,host,access_state,measured_on,method
airdrie,airdrie.bidsandtenders.ca,DEAD-SLUG,2026-09-12,anonymous fetch of first open notice detail page; grep Pay-Per-Bid / subscription plan
banff,banff.bidsandtenders.ca,DEAD-SLUG,2026-09-12,anonymous fetch of first open notice detail page; grep Pay-Per-Bid / subscription plan
beaumont,beaumont.bidsandtenders.ca,DEAD-SLUG,2026-09-12,anonymous fetch of first open notice detail page; grep Pay-Per-Bid / subscription plan
brandon,brandon.bidsandtenders.ca,DEAD-SLUG,2026-09-12,anonymous fetch of first open notice detail page; grep Pay-Per-Bid / subscription plan
cambridge,cambridge.bidsandtenders.ca,DEAD-SLUG,2026-09-12,anonymous fetch of first open notice detail page; grep Pay-Per-Bid / subscription plan
charlottetown,charlottetown.bidsandtenders.ca,DEAD-SLUG,2026-09-12,anonymous fetch of first open notice detail page; grep Pay-Per-Bid / subscription plan
chathamkent,chathamkent.bidsandtenders.ca,DEAD-SLUG,2026-09-12,anonymous fetch of first open notice detail page; grep Pay-Per-Bid / subscription plan
chestermere,chestermere.bidsandtenders.ca,DEAD-SLUG,2026-09-12,anonymous fetch of first open notice detail page; grep Pay-Per-Bid / subscription plan
collingwood,collingwood.bidsandtenders.ca,DEAD-SLUG,2026-09-12,anonymous fetch of first open notice detail page; grep Pay-Per-Bid / subscription plan
delta,delta.bidsandtenders.ca,DEAD-SLUG,2026-09-12,anonymous fetch of first open notice detail page; grep Pay-Per-Bid / subscription plan
fortsask,fortsask.bidsandtenders.ca,DEAD-SLUG,2026-09-12,anonymous fetch of first open notice detail page; grep Pay-Per-Bid / subscription plan
fredericton,fredericton.bidsandtenders.ca,DEAD-SLUG,2026-09-12,anonymous fetch of first open notice detail page; grep Pay-Per-Bid / subscription plan
grandeprairie,grandeprairie.bidsandtenders.ca,DEAD-SLUG,2026-09-12,anonymous fetch of first open notice detail page; grep Pay-Per-Bid / subscription plan
halton,halton.bidsandtenders.ca,DEAD-SLUG,2026-09-12,anonymous fetch of first open notice detail page; grep Pay-Per-Bid / subscription plan
kamloops,kamloops.bidsandtenders.ca,DEAD-SLUG,2026-09-12,anonymous fetch of first open notice detail page; grep Pay-Per-Bid / subscription plan
kelowna,kelowna.bidsandtenders.ca,DEAD-SLUG,2026-09-12,anonymous fetch of first open notice detail page; grep Pay-Per-Bid / subscription plan
kingston,kingston.bidsandtenders.ca,DEAD-SLUG,2026-09-12,anonymous fetch of first open notice detail page; grep Pay-Per-Bid / subscription plan
lambton,lambton.bidsandtenders.ca,DEAD-SLUG,2026-09-12,anonymous fetch of first open notice detail page; grep Pay-Per-Bid / subscription plan
langley,langley.bidsandtenders.ca,DEAD-SLUG,2026-09-12,anonymous fetch of first open notice detail page; grep Pay-Per-Bid / subscription plan
newwest,newwest.bidsandtenders.ca,DEAD-SLUG,2026-09-12,anonymous fetch of first open notice detail page; grep Pay-Per-Bid / subscription plan
niagara,niagara.bidsandtenders.ca,DEAD-SLUG,2026-09-12,anonymous fetch of first open notice detail page; grep Pay-Per-Bid / subscription plan
northbay,northbay.bidsandtenders.ca,DEAD-SLUG,2026-09-12,anonymous fetch of first open notice detail page; grep Pay-Per-Bid / subscription plan
northvan,northvan.bidsandtenders.ca,DEAD-SLUG,2026-09-12,anonymous fetch of first open notice detail page; grep Pay-Per-Bid / subscription plan
ottawa,ottawa.bidsandtenders.ca,DEAD-SLUG,2026-09-12,anonymous fetch of first open notice detail page; grep Pay-Per-Bid / subscription plan
oxford,oxford.bidsandtenders.ca,DEAD-SLUG,2026-09-12,anonymous fetch of first open notice detail page; grep Pay-Per-Bid / subscription plan
peel,peel.bidsandtenders.ca,DEAD-SLUG,2026-09-12,anonymous fetch of first open notice detail page; grep Pay-Per-Bid / subscription plan
penticton,penticton.bidsandtenders.ca,DEAD-SLUG,2026-09-12,anonymous fetch of first open notice detail page; grep Pay-Per-Bid / subscription plan
peterborough,peterborough.bidsandtenders.ca,DEAD-SLUG,2026-09-12,anonymous fetch of first open notice detail page; grep Pay-Per-Bid / subscription plan
quinte,quinte.bidsandtenders.ca,DEAD-SLUG,2026-09-12,anonymous fetch of first open notice detail page; grep Pay-Per-Bid / subscription plan
reginask,reginask.bidsandtenders.ca,DEAD-SLUG,2026-09-12,anonymous fetch of first open notice detail page; grep Pay-Per-Bid / subscription plan
rockyview,rockyview.bidsandtenders.ca,DEAD-SLUG,2026-09-12,anonymous fetch of first open notice detail page; grep Pay-Per-Bid / subscription plan
saanich,saanich.bidsandtenders.ca,DEAD-SLUG,2026-09-12,anonymous fetch of first open notice detail page; grep Pay-Per-Bid / subscription plan
simcoe,simcoe.bidsandtenders.ca,DEAD-SLUG,2026-09-12,anonymous fetch of first open notice detail page; grep Pay-Per-Bid / subscription plan
sprucegrove,sprucegrove.bidsandtenders.ca,DEAD-SLUG,2026-09-12,anonymous fetch of first open notice detail page; grep Pay-Per-Bid / subscription plan
strathcona,strathcona.bidsandtenders.ca,DEAD-SLUG,2026-09-12,anonymous fetch of first open notice detail page; grep Pay-Per-Bid / subscription plan
sudbury,sudbury.bidsandtenders.ca,DEAD-SLUG,2026-09-12,anonymous fetch of first open notice detail page; grep Pay-Per-Bid / subscription plan
victoria,victoria.bidsandtenders.ca,DEAD-SLUG,2026-09-12,anonymous fetch of first open notice detail page; grep Pay-Per-Bid / subscription plan
westvancouver,westvancouver.bidsandtenders.ca,DEAD-SLUG,2026-09-12,anonymous fetch of first open notice detail page; grep Pay-Per-Bid / subscription plan
wetaskiwin,wetaskiwin.bidsandtenders.ca,DEAD-SLUG,2026-09-12,anonymous fetch of first open notice detail page; grep Pay-Per-Bid / subscription plan
whistler,whistler.bidsandtenders.ca,DEAD-SLUG,2026-09-12,anonymous fetch of first open notice detail page; grep Pay-Per-Bid / subscription plan
whitchurchstouffville,whitchurchstouffville.bidsandtenders.ca,DEAD-SLUG,2026-09-12,anonymous fetch of first open notice detail page; grep Pay-Per-Bid / subscription plan
windsor,windsor.bidsandtenders.ca,DEAD-SLUG,2026-09-12,anonymous fetch of first open notice detail page; grep Pay-Per-Bid / subscription plan
winnipeg,winnipeg.bidsandtenders.ca,DEAD-SLUG,2026-09-12,anonymous fetch of first open notice detail page; grep Pay-Per-Bid / subscription plan
woodbuffalo,woodbuffalo.bidsandtenders.ca,DEAD-SLUG,2026-09-12,anonymous fetch of first open notice detail page; grep Pay-Per-Bid / subscription plan
woodstock,woodstock.bidsandtenders.ca,DEAD-SLUG,2026-09-12,anonymous fetch of first open notice detail page; grep Pay-Per-Bid / subscription plan
aurora,aurora.bidsandtenders.ca,FEE,2026-09-12,anonymous fetch of first open notice detail page; grep Pay-Per-Bid / subscription plan
barrie,barrie.bidsandtenders.ca,FEE,2026-09-12,anonymous fetch of first open notice detail page; grep Pay-Per-Bid / subscription plan
belleville,belleville.bidsandtenders.ca,FEE,2026-09-12,anonymous fetch of first open notice detail page; grep Pay-Per-Bid / subscription plan
bids,bids.bidsandtenders.ca,FEE,2026-09-12,anonymous fetch of first open notice detail page; grep Pay-Per-Bid / subscription plan
brampton,brampton.bidsandtenders.ca,FEE,2026-09-12,anonymous fetch of first open notice detail page; grep Pay-Per-Bid / subscription plan
burlington,burlington.bidsandtenders.ca,FEE,2026-09-12,anonymous fetch of first open notice detail page; grep Pay-Per-Bid / subscription plan
caledon,caledon.bidsandtenders.ca,FEE,2026-09-12,anonymous fetch of first open notice detail page; grep Pay-Per-Bid / subscription plan
durham,durham.bidsandtenders.ca,FEE,2026-09-12,anonymous fetch of first open notice detail page; grep Pay-Per-Bid / subscription plan
eastgwillimbury,eastgwillimbury.bidsandtenders.ca,FEE,2026-09-12,anonymous fetch of first open notice detail page; grep Pay-Per-Bid / subscription plan
georgina,georgina.bidsandtenders.ca,FEE,2026-09-12,anonymous fetch of first open notice detail page; grep Pay-Per-Bid / subscription plan
grimsby,grimsby.bidsandtenders.ca,FEE,2026-09-12,anonymous fetch of first open notice detail page; grep Pay-Per-Bid / subscription plan
guelph,guelph.bidsandtenders.ca,FEE,2026-09-12,anonymous fetch of first open notice detail page; grep Pay-Per-Bid / subscription plan
haltonhills,haltonhills.bidsandtenders.ca,FEE,2026-09-12,anonymous fetch of first open notice detail page; grep Pay-Per-Bid / subscription plan
hamilton,hamilton.bidsandtenders.ca,FEE,2026-09-12,anonymous fetch of first open notice detail page; grep Pay-Per-Bid / subscription plan
innisfil,innisfil.bidsandtenders.ca,FEE,2026-09-12,anonymous fetch of first open notice detail page; grep Pay-Per-Bid / subscription plan
kawarthalakes,kawarthalakes.bidsandtenders.ca,FEE,2026-09-12,anonymous fetch of first open notice detail page; grep Pay-Per-Bid / subscription plan
kitchener,kitchener.bidsandtenders.ca,FEE,2026-09-12,anonymous fetch of first open notice detail page; grep Pay-Per-Bid / subscription plan
lakeshore,lakeshore.bidsandtenders.ca,FEE,2026-09-12,anonymous fetch of first open notice detail page; grep Pay-Per-Bid / subscription plan
lasalle,lasalle.bidsandtenders.ca,FEE,2026-09-12,anonymous fetch of first open notice detail page; grep Pay-Per-Bid / subscription plan
leamington,leamington.bidsandtenders.ca,FEE,2026-09-12,anonymous fetch of first open notice detail page; grep Pay-Per-Bid / subscription plan
lincoln,lincoln.bidsandtenders.ca,FEE,2026-09-12,anonymous fetch of first open notice detail page; grep Pay-Per-Bid / subscription plan
london,london.bidsandtenders.ca,FEE,2026-09-12,anonymous fetch of first open notice detail page; grep Pay-Per-Bid / subscription plan
markham,markham.bidsandtenders.ca,FEE,2026-09-12,anonymous fetch of first open notice detail page; grep Pay-Per-Bid / subscription plan
middlesex,middlesex.bidsandtenders.ca,FEE,2026-09-12,anonymous fetch of first open notice detail page; grep Pay-Per-Bid / subscription plan
mississauga,mississauga.bidsandtenders.ca,FEE,2026-09-12,anonymous fetch of first open notice detail page; grep Pay-Per-Bid / subscription plan
niagarafalls,niagarafalls.bidsandtenders.ca,FEE,2026-09-12,anonymous fetch of first open notice detail page; grep Pay-Per-Bid / subscription plan
niagararegion,niagararegion.bidsandtenders.ca,FEE,2026-09-12,anonymous fetch of first open notice detail page; grep Pay-Per-Bid / subscription plan
oakville,oakville.bidsandtenders.ca,FEE,2026-09-12,anonymous fetch of first open notice detail page; grep Pay-Per-Bid / subscription plan
orangeville,orangeville.bidsandtenders.ca,FEE,2026-09-12,anonymous fetch of first open notice detail page; grep Pay-Per-Bid / subscription plan
orillia,orillia.bidsandtenders.ca,FEE,2026-09-12,anonymous fetch of first open notice detail page; grep Pay-Per-Bid / subscription plan
oshawa,oshawa.bidsandtenders.ca,FEE,2026-09-12,anonymous fetch of first open notice detail page; grep Pay-Per-Bid / subscription plan
owensound,owensound.bidsandtenders.ca,FEE,2026-09-12,anonymous fetch of first open notice detail page; grep Pay-Per-Bid / subscription plan
portcolborne,portcolborne.bidsandtenders.ca,FEE,2026-09-12,anonymous fetch of first open notice detail page; grep Pay-Per-Bid / subscription plan
richmondhill,richmondhill.bidsandtenders.ca,FEE,2026-09-12,anonymous fetch of first open notice detail page; grep Pay-Per-Bid / subscription plan
sarnia,sarnia.bidsandtenders.ca,FEE,2026-09-12,anonymous fetch of first open notice detail page; grep Pay-Per-Bid / subscription plan
stcatharines,stcatharines.bidsandtenders.ca,FEE,2026-09-12,anonymous fetch of first open notice detail page; grep Pay-Per-Bid / subscription plan
stratford,stratford.bidsandtenders.ca,FEE,2026-09-12,anonymous fetch of first open notice detail page; grep Pay-Per-Bid / subscription plan
stthomas,stthomas.bidsandtenders.ca,FEE,2026-09-12,anonymous fetch of first open notice detail page; grep Pay-Per-Bid / subscription plan
sylvanlake,sylvanlake.bidsandtenders.ca,FEE,2026-09-12,anonymous fetch of first open notice detail page; grep Pay-Per-Bid / subscription plan
thorold,thorold.bidsandtenders.ca,FEE,2026-09-12,anonymous fetch of first open notice detail page; grep Pay-Per-Bid / subscription plan
thunderbay,thunderbay.bidsandtenders.ca,FEE,2026-09-12,anonymous fetch of first open notice detail page; grep Pay-Per-Bid / subscription plan
tillsonburg,tillsonburg.bidsandtenders.ca,FEE,2026-09-12,anonymous fetch of first open notice detail page; grep Pay-Per-Bid / subscription plan
uxbridge,uxbridge.bidsandtenders.ca,FEE,2026-09-12,anonymous fetch of first open notice detail page; grep Pay-Per-Bid / subscription plan
whitby,whitby.bidsandtenders.ca,FEE,2026-09-12,anonymous fetch of first open notice detail page; grep Pay-Per-Bid / subscription plan
york,york.bidsandtenders.ca,FEE,2026-09-12,anonymous fetch of first open notice detail page; grep Pay-Per-Bid / subscription plan
brantford,brantford.bidsandtenders.ca,FREE,2026-09-12,anonymous fetch of first open notice detail page; grep Pay-Per-Bid / subscription plan
burnaby,burnaby.bidsandtenders.ca,FREE,2026-09-12,anonymous fetch of first open notice detail page; grep Pay-Per-Bid / subscription plan
camrose,camrose.bidsandtenders.ca,FREE,2026-09-12,anonymous fetch of first open notice detail page; grep Pay-Per-Bid / subscription plan
clarington,clarington.bidsandtenders.ca,FREE,2026-09-12,anonymous fetch of first open notice detail page; grep Pay-Per-Bid / subscription plan
coquitlam,coquitlam.bidsandtenders.ca,FREE,2026-09-12,anonymous fetch of first open notice detail page; grep Pay-Per-Bid / subscription plan
cornwall,cornwall.bidsandtenders.ca,FREE,2026-09-12,anonymous fetch of first open notice detail page; grep Pay-Per-Bid / subscription plan
halifax,halifax.bidsandtenders.ca,FREE,2026-09-12,anonymous fetch of first open notice detail page; grep Pay-Per-Bid / subscription plan
huntsville,huntsville.bidsandtenders.ca,FREE,2026-09-12,anonymous fetch of first open notice detail page; grep Pay-Per-Bid / subscription plan
lethbridge,lethbridge.bidsandtenders.ca,FREE,2026-09-12,anonymous fetch of first open notice detail page; grep Pay-Per-Bid / subscription plan
lloydminster,lloydminster.bidsandtenders.ca,FREE,2026-09-12,anonymous fetch of first open notice detail page; grep Pay-Per-Bid / subscription plan
medicinehat,medicinehat.bidsandtenders.ca,FREE,2026-09-12,anonymous fetch of first open notice detail page; grep Pay-Per-Bid / subscription plan
milton,milton.bidsandtenders.ca,FREE,2026-09-12,anonymous fetch of first open notice detail page; grep Pay-Per-Bid / subscription plan
miramichi,miramichi.bidsandtenders.ca,FREE,2026-09-12,anonymous fetch of first open notice detail page; grep Pay-Per-Bid / subscription plan
moncton,moncton.bidsandtenders.ca,FREE,2026-09-12,anonymous fetch of first open notice detail page; grep Pay-Per-Bid / subscription plan
nanaimo,nanaimo.bidsandtenders.ca,FREE,2026-09-12,anonymous fetch of first open notice detail page; grep Pay-Per-Bid / subscription plan
newmarket,newmarket.bidsandtenders.ca,FREE,2026-09-12,anonymous fetch of first open notice detail page; grep Pay-Per-Bid / subscription plan
okotoks,okotoks.bidsandtenders.ca,FREE,2026-09-12,anonymous fetch of first open notice detail page; grep Pay-Per-Bid / subscription plan
pelham,pelham.bidsandtenders.ca,FREE,2026-09-12,anonymous fetch of first open notice detail page; grep Pay-Per-Bid / subscription plan
princegeorge,princegeorge.bidsandtenders.ca,FREE,2026-09-12,anonymous fetch of first open notice detail page; grep Pay-Per-Bid / subscription plan
reddeer,reddeer.bidsandtenders.ca,FREE,2026-09-12,anonymous fetch of first open notice detail page; grep Pay-Per-Bid / subscription plan
richmond,richmond.bidsandtenders.ca,FREE,2026-09-12,anonymous fetch of first open notice detail page; grep Pay-Per-Bid / subscription plan
saintjohn,saintjohn.bidsandtenders.ca,FREE,2026-09-12,anonymous fetch of first open notice detail page; grep Pay-Per-Bid / subscription plan
saskatoon,saskatoon.bidsandtenders.ca,FREE,2026-09-12,anonymous fetch of first open notice detail page; grep Pay-Per-Bid / subscription plan
saultstemarie,saultstemarie.bidsandtenders.ca,FREE,2026-09-12,anonymous fetch of first open notice detail page; grep Pay-Per-Bid / subscription plan
stalbert,stalbert.bidsandtenders.ca,FREE,2026-09-12,anonymous fetch of first open notice detail page; grep Pay-Per-Bid / subscription plan
timmins,timmins.bidsandtenders.ca,FREE,2026-09-12,anonymous fetch of first open notice detail page; grep Pay-Per-Bid / subscription plan
vaughan,vaughan.bidsandtenders.ca,FREE,2026-09-12,anonymous fetch of first open notice detail page; grep Pay-Per-Bid / subscription plan
ajax,ajax.bidsandtenders.ca,NO-OPEN-BIDS,2026-09-12,anonymous fetch of first open notice detail page; grep Pay-Per-Bid / subscription plan
brockville,brockville.bidsandtenders.ca,NO-OPEN-BIDS,2026-09-12,anonymous fetch of first open notice detail page; grep Pay-Per-Bid / subscription plan
cochrane,cochrane.bidsandtenders.ca,NO-OPEN-BIDS,2026-09-12,anonymous fetch of first open notice detail page; grep Pay-Per-Bid / subscription plan
essex,essex.bidsandtenders.ca,NO-OPEN-BIDS,2026-09-12,anonymous fetch of first open notice detail page; grep Pay-Per-Bid / subscription plan
leduc,leduc.bidsandtenders.ca,NO-OPEN-BIDS,2026-09-12,anonymous fetch of first open notice detail page; grep Pay-Per-Bid / subscription plan
pickering,pickering.bidsandtenders.ca,NO-OPEN-BIDS,2026-09-12,anonymous fetch of first open notice detail page; grep Pay-Per-Bid / subscription plan
portcoquitlam,portcoquitlam.bidsandtenders.ca,NO-OPEN-BIDS,2026-09-12,anonymous fetch of first open notice detail page; grep Pay-Per-Bid / subscription plan
surrey,surrey.bidsandtenders.ca,NO-OPEN-BIDS,2026-09-12,anonymous fetch of first open notice detail page; grep Pay-Per-Bid / subscription plan
tecumseh,tecumseh.bidsandtenders.ca,NO-OPEN-BIDS,2026-09-12,anonymous fetch of first open notice detail page; grep Pay-Per-Bid / subscription plan
vernon,vernon.bidsandtenders.ca,NO-OPEN-BIDS,2026-09-12,anonymous fetch of first open notice detail page; grep Pay-Per-Bid / subscription plan
waterloo,waterloo.bidsandtenders.ca,NO-OPEN-BIDS,2026-09-12,anonymous fetch of first open notice detail page; grep Pay-Per-Bid / subscription plan
welland,welland.bidsandtenders.ca,NO-OPEN-BIDS,2026-09-12,anonymous fetch of first open notice detail page; grep Pay-Per-Bid / subscription plan
